{
  "posts": [
    {
      "id": "1",
      "title": "The Future of Web Development in 2024",
      "excerpt": "Exploring the latest trends and technologies shaping the web development landscape this year.",
      "content": "Web development continues to evolve at a rapid pace. In this article, we explore the most important trends for 2024, including server components, edge computing, and AI-powered development tools.",
      "author": "Sarah Johnson",
      "date": "2024-01-15",
      "category": "Technology",
      "image": "/images/blog/web-dev-2024.jpg",
      "featured": true
    },
    {
      "id": "2",
      "title": "10 UI/UX Design Trends to Watch",
      "excerpt": "Discover the design trends that will dominate user interfaces this year.",
      "content": "From minimalist designs to immersive 3D experiences, we cover the top UI/UX trends you need to know. Learn how to implement these trends in your own projects.",
      "author": "Emily Rodriguez",
      "date": "2024-01-10",
      "category": "Design",
      "image": "/images/blog/ui-ux-trends.jpg",
      "featured": true
    },
    {
      "id": "3",
      "title": "Building Scalable E-commerce Solutions",
      "excerpt": "Best practices for creating online stores that can grow with your business.",
      "content": "Scalability is crucial for e-commerce success. We share our proven strategies for building online platforms that handle growth while maintaining performance and user experience.",
      "author": "Michael Chen",
      "date": "2024-01-05",
      "category": "E-commerce",
      "image": "/images/blog/ecommerce-scalability.jpg",
      "featured": false
    },
    {
      "id": "4",
      "title": "Mobile-First Development: A Complete Guide",
      "excerpt": "Why mobile-first approach is essential and how to implement it effectively.",
      "content": "With mobile traffic dominating the web, a mobile-first approach is no longer optional. Learn the principles, techniques, and tools for building mobile-first websites and applications.",
      "author": "David Kim",
      "date": "2023-12-28",
      "category": "Development",
      "image": "/images/blog/mobile-first.jpg",
      "featured": false
    },
    {
      "id": "5",
      "title": "SEO Best Practices for Modern Websites",
      "excerpt": "Optimize your website for search engines with these proven strategies.",
      "content": "SEO continues to evolve. Stay ahead of the competition with our comprehensive guide to modern SEO best practices, from technical optimization to content strategy.",
      "author": "Sarah Johnson",
      "date": "2023-12-20",
      "category": "Marketing",
      "image": "/images/blog/seo-best-practices.jpg",
      "featured": true
    },
    {
      "id": "6",
      "title": "The Power of Digital Transformation",
      "excerpt": "How businesses can leverage digital technologies to transform their operations.",
      "content": "Digital transformation is more than just implementing new technology. Learn how to create a holistic strategy that drives real business value and sustainable growth.",
      "author": "Michael Chen",
      "date": "2023-12-15",
      "category": "Business",
      "image": "/images/blog/digital-transformation.jpg",
      "featured": false
    }
  ]
}
