{
  "projects": [
    {
      "id": "1",
      "title": "EcoTech Solutions",
      "category": "E-commerce",
      "description": "A sustainable e-commerce platform for eco-friendly products",
      "image": "/images/projects/ecotech.jpg",
      "clientUrl": "https://example.com",
      "tags": ["Next.js", "TypeScript", "Stripe"],
      "featured": true
    },
    {
      "id": "2",
      "title": "Finance Dashboard",
      "category": "Web Application",
      "description": "Real-time financial analytics dashboard for businesses",
      "image": "/images/projects/finance.jpg",
      "clientUrl": "https://example.com",
      "tags": ["React", "D3.js", "Node.js"],
      "featured": true
    },
    {
      "id": "3",
      "title": "Health & Fitness App",
      "category": "Mobile App",
      "description": "Comprehensive fitness tracking and coaching application",
      "image": "/images/projects/fitness.jpg",
      "clientUrl": "https://example.com",
      "tags": ["React Native", "Firebase", "HealthKit"],
      "featured": true
    },
    {
      "id": "4",
      "title": "Restaurant Booking System",
      "category": "Web Application",
      "description": "Online reservation system with table management",
      "image": "/images/projects/restaurant.jpg",
      "clientUrl": "https://example.com",
      "tags": ["Next.js", "PostgreSQL", "Twilio"],
      "featured": false
    },
    {
      "id": "5",
      "title": "Real Estate Platform",
      "category": "E-commerce",
      "description": "Property listing and booking platform",
      "image": "/images/projects/realestate.jpg",
      "clientUrl": "https://example.com",
      "tags": ["Vue.js", "MongoDB", "Mapbox"],
      "featured": false
    },
    {
      "id": "6",
      "title": "Travel Blog",
      "category": "Content Website",
      "description": "Interactive travel blog with booking integration",
      "image": "/images/projects/travel.jpg",
      "clientUrl": "https://example.com",
      "tags": ["WordPress", "PHP", "MySQL"],
      "featured": false
    }
  ]
}
