{
  "seo": {
    "siteName": "Modern Web Agency",
    "siteUrl": "https://www.dfmsolutions.de",
    "defaultTitle": "Modern Web Agency | Digital Solutions That Convert",
    "defaultDescription": "We create stunning websites, apps, and digital experiences that drive results. Transform your online presence with our expert team.",
    "keywords": ["web agency", "web development", "UI/UX design", "digital marketing", "e-commerce", "mobile apps"],
    "ogImage": "/images/og-image.jpg",
    "twitterHandle": "@modernagency",
    "favicon": "/favicon.ico"
  }
}
