{
  "services": [
    {
      "id": "1",
      "title": "Web Development",
      "description": "Custom web applications built with modern technologies",
      "icon": "Code",
      "features": ["Responsive Design", "SEO Optimized", "Fast Performance", "Cross-browser Compatibility"]
    },
    {
      "id": "2",
      "title": "UI/UX Design",
      "description": "Beautiful and intuitive user interfaces that convert",
      "icon": "Palette",
      "features": ["User Research", "Wireframing", "Prototyping", "Design Systems"]
    },
    {
      "id": "3",
      "title": "E-commerce Solutions",
      "description": "Powerful online stores that drive sales",
      "icon": "ShoppingCart",
      "features": ["Payment Integration", "Inventory Management", "Analytics", "Multi-currency"]
    },
    {
      "id": "4",
      "title": "Mobile App Development",
      "description": "Native and cross-platform mobile applications",
      "icon": "Smartphone",
      "features": ["iOS & Android", "React Native", "Flutter", "Performance Optimized"]
    },
    {
      "id": "5",
      "title": "Digital Marketing",
      "description": "Comprehensive digital marketing strategies",
      "icon": "TrendingUp",
      "features": ["SEO", "PPC", "Social Media", "Content Marketing"]
    },
    {
      "id": "6",
      "title": "Brand Strategy",
      "description": "Building strong brand identities",
      "icon": "Sparkles",
      "features": ["Brand Identity", "Logo Design", "Brand Guidelines", "Brand Strategy"]
    }
  ]
}
