{
  "testimonials": [
    {
      "id": "1",
      "name": "Jennifer Adams",
      "company": "TechStart Inc.",
      "position": "CEO",
      "image": "/images/testimonials/jennifer.jpg",
      "content": "Exceptional work! They transformed our outdated website into a modern, high-performing platform that increased our conversion rate by 150%.",
      "rating": 5
    },
    {
      "id": "2",
      "name": "Robert Williams",
      "company": "GreenLeaf Co.",
      "position": "Marketing Director",
      "image": "/images/testimonials/robert.jpg",
      "content": "The team's attention to detail and commitment to quality is outstanding. Our e-commerce platform is now a key driver of our business growth.",
      "rating": 5
    },
    {
      "id": "3",
      "name": "Amanda Foster",
      "company": "Urban Fitness",
      "position": "Founder",
      "image": "/images/testimonials/amanda.jpg",
      "content": "Professional, responsive, and incredibly talented. They delivered our mobile app on time and it exceeded all our expectations.",
      "rating": 5
    }
  ]
}
